title,watch_url
falling behind - laufey,https://www.youtube.com/watch?v=6LdTVVv6pzk
from the start ‚Äî laufey,https://www.youtube.com/watch?v=Xp6_2Ab7DIw
promise - laufey,https://www.youtube.com/watch?v=U-qptztw3oQ
from the start - laufey,https://www.youtube.com/watch?v=8VtnLaMFXxg
Someone send this to Laufey pls #laufey #fromthestart #jazzpiano #oddtimesignature #cover,https://www.youtube.com/watch?v=KJsI9jSAnQ8
falling behind ‚Äî laufey,https://www.youtube.com/watch?v=5u1uz9aATyE
valentine - laufey,https://www.youtube.com/watch?v=Xjm63NUILaI
bewitched - laufey,https://www.youtube.com/watch?v=vQ6XJe6yVsw
let you break my heart again,https://www.youtube.com/watch?v=1Wjpzg0cY2c
Laufey - lover girl (piano cover),https://www.youtube.com/watch?v=MinXWIEaUsA
‚Äúforget-me-not‚Äù - Laufey #piano #pianocover #music #laufey #musician,https://www.youtube.com/watch?v=HCxEN6gAbr4
J.S. Bach - Prelude in C Major #bach #piano #classicalmusic,https://www.youtube.com/watch?v=WvIIs4a5Mnc
More trying to think like Bach,https://www.youtube.com/watch?v=ePqZt9gad3o
Study in a Bach Prelude | Suite of Contrasts Op. 75 No. 3,https://www.youtube.com/watch?v=psT1IX79xbo
J. S. Bach Prelude #1 in C major BMV846_Piano Ignacio Arambur√∫,https://www.youtube.com/watch?v=ZvUbQwR7HYI
"Prelude in C minor, BWV 847 by #Bach - performed by Garrett Fisher #piano #pianomusic #classical",https://www.youtube.com/watch?v=t2SLmZYtesM
5 Year Old Piano PRODIGY Plays Prelude in C Major BWV 846 Js Bach üéπ Jelijah Diaz #piano #prodigy,https://www.youtube.com/watch?v=wLqoSmcW4h0
Bach Prelude in C Major #viral #piano #prelude #classicalmusic,https://www.youtube.com/watch?v=Xq8bGaW8e6Q
"Bach,Johann Sebastian. Prelude in C major, edited by Charles Gounod. Peformed by Tsvetelina Genovska",https://www.youtube.com/watch?v=TcBru5m7tDE
